horizon_sec,mae_degrees
0.5,13.226962923869372
1.0,25.494675407383944
1.5,33.23403395839472
2.0,36.434865683263375
2.5,37.95607760289921
